{
  "specification": "ASD-STE100 Issue 9, January 2025",
  "total_rules": 53,
  "sections": 9,
  "rules": [
    {
      "id": "1.1",
      "section": "1 - Words",
      "title": "Which words can you use?",
      "description": "Use words that are: approved in the dictionary, technical nouns, or technical verbs.",
      "severity": "info",
      "programmatic_check": true,
      "note": "This rule is enforced by dictionary_check.py (approved/unapproved words) and conceptual for technical nouns/verbs."
    },
    {
      "id": "1.2",
      "section": "1 - Words",
      "title": "Part of speech",
      "description": "Use approved words from the dictionary only as the specified part of speech. (e.g., 'Test' is approved noun, not verb; 'Dim' is approved adjective, not verb; 'Operable' is unapproved adjective, use 'can operate').",
      "severity": "error",
      "programmatic_check": true,
      "note": "Enforced by dictionary_check.py using POS information from dictionary entries."
    },
    {
      "id": "1.3",
      "section": "1 - Words",
      "title": "Approved meaning",
      "description": "Use approved words only with their approved meanings.",
      "severity": "warning",
      "programmatic_check": true,
      "note": "Enforced by specific patterns for words with potentially ambiguous meanings (meaning shifts).",
      "meaning_shifts": [
        {
          "word": "follow",
          "unapproved_pattern": "\\bfollow\\s+(?:the\\s+)?(?:safety|instructions|guidelines|rules|procedures|directives)\\b",
          "message": "'follow' used as 'obey' - approved meaning is 'come after'. Use 'obey' instead."
        },
        {
          "word": "fall",
          "unapproved_pattern": "\\bfall\\s+(?:below|under|short|off|away|back)\\b",
          "message": "'fall' used as 'decrease' - approved meaning is 'move down by gravity'. Use 'decrease' or 'go down' instead."
        },
        {
          "word": "optimize",
          "unapproved_pattern": "\\boptimize\\b",
          "message": "'optimize' not in STE dictionary. Use 'set for best operation' or 'adjust for maximum efficiency'.",
          "severity": "error"
        },
        {
          "word": "apparent",
          "unapproved_pattern": "\\bapparent\\b",
          "message": "'apparent' deleted from STE dictionary. Use 'clear', 'obvious', or 'visible' instead.",
          "severity": "error"
        }
      ]
    },
    {
      "id": "1.4",
      "section": "1 - Words",
      "title": "Forms of verbs and adjectives",
      "description": "Use only the approved forms of verbs and adjectives.",
      "severity": "warning",
      "programmatic_check": true,
      "note": "Enforced by dictionary_check.py with verb form and adjective comparative/superlative data."
    },
    {
      "id": "1.5",
      "section": "1 - Words",
      "title": "Technical nouns",
      "description": "You can use words that you can include in a technical noun category. Includes new categories: Law and regulations; Animals, plants, and other life forms.",
      "severity": "info",
      "programmatic_check": false,
      "note": "Conceptual rule, hard to automate without a dedicated technical noun dictionary and entity recognition. Listing categories is for human reference."
    },
    {
      "id": "1.6",
      "section": "1 - Words",
      "title": "Unapproved words as technical nouns",
      "description": "Use a word that is not approved in the dictionary, only when it is a technical noun or part of a technical noun.",
      "severity": "warning",
      "programmatic_check": false,
      "note": "Conceptual rule, requires semantic analysis to distinguish unapproved general words from approved technical nouns."
    },
    {
      "id": "1.7",
      "section": "1 - Words",
      "title": "Technical nouns as verbs",
      "description": "Do not use words that are technical nouns as verbs. (e.g., 'Oil the steel surfaces' -> 'Apply oil to the steel surfaces')",
      "severity": "error",
      "programmatic_check": true,
      "params": {
        "technical_nouns_as_verbs": ["oil", "snow", "grease", "wire", "plate", "clamp", "pump", "filter"]
      },
      "note": "Requires POS tagging to effectively distinguish, but can use heuristics based on known technical nouns when they appear in verb positions (e.g. before an object)."
    },
    {
      "id": "1.8",
      "section": "1 - Words",
      "title": "Technical nouns agreement",
      "description": "Use technical nouns that are approved in your company, industry, or subject field.",
      "severity": "warning",
      "programmatic_check": false,
      "note": "Conceptual rule, needs integration with company-specific glossaries/nomenclature."
    },
    {
      "id": "1.9",
      "section": "1 - Words",
      "title": "Selection of technical nouns",
      "description": "When you must select a technical noun, use one which is short and easy to understand.",
      "severity": "info",
      "programmatic_check": false,
      "note": "Subjective rule, difficult to automate."
    },
    {
      "id": "1.10",
      "section": "1 - Words",
      "title": "Slang or jargon words",
      "description": "Do not use regional, slang, or jargon words as technical nouns. (e.g., 'sandwich the washers' -> 'install between the washers')",
      "severity": "warning",
      "pattern": "\\b(sandwich|foot-long|fix-up|whack|guesstimate|eyeball|rigmarole)\\b",
      "match_means_violation": true
    },
    {
      "id": "1.11",
      "section": "1 - Words",
      "title": "Do not use different technical nouns for the same item.",
      "description": "Do not use different technical nouns for the same item. (e.g., 'actuator', 'servo control unit', 'control unit' for the same item).",
      "severity": "error",
      "programmatic_check": false,
      "note": "Requires advanced coreference resolution or a controlled terminology checker. Hard to automate with regex."
    },
    {
      "id": "1.12",
      "section": "1 - Words",
      "title": "Technical verbs categories",
      "description": "You can use verbs that you can include in a technical verb category. Categories changed/expanded.",
      "severity": "info",
      "programmatic_check": false,
      "note": "Conceptual rule, relies on a technical verb dictionary/list."
    },
    {
      "id": "1.13",
      "section": "1 - Words",
      "title": "Technical verbs as nouns",
      "description": "Do not use technical verbs as nouns. (e.g., 'Give the hole 0.20-inch over-ream' -> 'Ream the hole 0.20 inch larger').",
      "severity": "error",
      "programmatic_check": true,
      "params": {
        "technical_verbs_as_nouns": ["ream", "drill", "weld", "grind"]
      },
      "note": "Requires POS tagging, but can use heuristics for known technical verbs when they appear in noun positions."
    },
    {
      "id": "1.14",
      "section": "1 - Words",
      "title": "American English spelling",
      "description": "Use American English spelling unless other official directives tell you differently.",
      "severity": "warning",
      "pattern": "\\b(colour|centre|fibre|metre|favour|organisation|realise|analyse|licence|tyre|aeroplane|aluminium|dialogue|catalogue|fulfil|instal)\\b",
      "match_means_violation": true
    },
    {
      "id": "2.1",
      "section": "2 - Multi-word nouns",
      "title": "Limit multi-word nouns",
      "description": "Write multi-word nouns of no more than three words. (Replaces 'noun clusters').",
      "severity": "warning",
      "programmatic_check": true,
      "params": {
        "max_words_in_multiword_noun": 3
      },
      "note": "Programmatic check: Heuristic attempts to find sequences of 4+ words that are not separated by certain verbs/prepositions, or flags very long sequences of capitalized words as potential multi-word nouns. True detection needs POS/NP chunking."
    },
    {
      "id": "2.2",
      "section": "2 - Multi-word nouns",
      "title": "Long multi-word nouns Simplification",
      "description": "When a multi-word noun has more than three words, write it in full. Then simplify it or use hyphens.",
      "severity": "info",
      "programmatic_check": false,
      "note": "Conceptual rule, requires context to detect initial full usage and subsequent simplification."
    },
    {
      "id": "3.1",
      "section": "3 - Verbs",
      "title": "Approved verb forms",
      "description": "Use only those forms of the verb that are given in the dictionary.",
      "severity": "error",
      "programmatic_check": true,
      "note": "Relies on dictionary_check.py with verb form data."
    },
    {
      "id": "3.2",
      "section": "3 - Verbs",
      "title": "Approved verb tenses",
      "description": "Use the approved forms of the verb to make only: infinitive, imperative, simple present, simple past, past participle (as adjective), future tense. Do not use: present perfect, past perfect, continuous forms, subjunctive.",
      "severity": "error",
      "pattern": "\\b(?:has|have|had)\\s+(?:been\\s+\\w+ing|\\w+ed\\b(?!\\s+by))|\\b(?:is|are|am|was|were)\\s+(?:to\\s+be|being\\s+\\w+ed|\\w+ing\\b)|\\b(?:can|could|may|might|must|should|shall|will)\\s+be\\s+\\w+ed\\b",
      "match_means_violation": true,
      "note": "Comprehensive pattern to catch various unapproved tenses and complex structures."
    },
    {
      "id": "3.3",
      "section": "3 - Verbs",
      "title": "Past participle usage",
      "description": "Use the past participle only as an adjective (before a noun or after 'to be'/'to become'). Do not use 'been'.",
      "severity": "warning",
      "pattern": "\\bbeen\\b",
      "match_means_violation": true,
      "note": "Flags the prohibited word 'been'."
    },
    {
      "id": "3.4",
      "section": "3 - Verbs",
      "title": "No complex verb structures",
      "description": "Do not use helping verbs to make complex verb structures. (e.g., can/could/may/might + be + past_participle)",
      "severity": "error",
      "pattern": "\\b(can|could|may|might)\\s+be\\s+\\w+ed\\b|\\b(must|should|shall|will)\\s+be\\s+\\w+ed\\b|\\b(is|are|am|was|were)\\s+to\\s+be\\b",
      "match_means_violation": true,
      "note": "Pattern focuses on complex passive and 'is to be' structures."
    },
    {
      "id": "3.5",
      "section": "3 - Verbs",
      "title": "Use of -ing form",
      "description": "Use the '-ing' form of a verb only as a modifier in a technical noun, or in approved words (mating, missing, remaining, lighting, opening, routing, servicing, during).",
      "severity": "warning",
      "pattern": "\\b(is|are|am|was|were)\\s+\\w+ing\\b|\\b\\w+ing\\b(?!\\s+(?:conditioning|grinding|polishing|sanding|switching|welding|mating|missing|remaining|lighting|opening|routing|servicing|during|material|wheel|disc|machine|relay|torch|system))",
      "match_means_violation": true,
      "note": "Flags continuous tenses and -ing words not in a limited safe list or followed by common technical noun markers. This is highly heuristic. 'Technical noun' part needs POS/dictionary check."
    },
    {
      "id": "3.6",
      "section": "3 - Verbs",
      "title": "Active voice",
      "description": "Use only the active voice in procedural writing. Use the active voice as much as possible in descriptive writing.",
      "severity": "error",
      "pattern": "\\b(is|are|was|were)\\s+\\w+ed\\s+(?:by\\s+(?:the|a|an|[A-Z][a-z]+(?:'[a-z])?)?\\s*\\w+)?\\b|\\b(is|are|was|were)\\s+being\\s+\\w+ed\\b",
      "match_means_violation": true,
      "note": "Catches common passive voice indicators, including explicit 'by' phrases and continuous passive. This is a heuristic, full passive voice detection is complex."
    },
    {
      "id": "3.7",
      "section": "3 - Verbs",
      "title": "Action description",
      "description": "Use an approved verb to describe an action (not a noun or other parts of speech). (e.g., 'Perform the inspection' -> 'Inspect the valve')",
      "severity": "info",
      "programmatic_check": true,
      "params": {
        "non_ste_noun_verbs": ["inspection", "repair", "assembly", "removal", "adjustments", "operation"]
      },
      "note": "This targets noun forms of verbs that STE prefers as direct verbs. Relies on dictionary_check.py and some heuristics in rules_engine.py."
    },
    {
      "id": "4.1",
      "section": "4 - Sentences",
      "title": "Sentence length",
      "description": "Keep sentences under 25 words. Procedural sentences: under 20 words. Descriptive sentences: under 25 words.",
      "severity": "warning",
      "programmatic_check": true,
      "params": {
        "max_words_descriptive": 25,
        "max_words_procedural": 20
      },
      "note": "Word count checks are handled programmatically, not via regex."
    },
    {
      "id": "4.2",
      "section": "4 - Sentences",
      "title": "Omission of essential words",
      "description": "Avoid omission of essential words (e.g., 'etc.', 'and so on', 'e.g.', 'i.e.').",
      "severity": "error",
      "pattern": "\\b(etc\\.?|and\\s+so\\s+on|e\\.g\\.?|i\\.e\\.?)\\b",
      "match_means_violation": true
    },
    {
      "id": "4.3",
      "section": "4 - Sentences",
      "title": "Vertical list grammar",
      "description": "In a vertical list, make sure all items are grammatically parallel.",
      "severity": "info",
      "programmatic_check": false,
      "note": "Conceptual rule, requires list structure recognition and grammatical analysis."
    },
    {
      "id": "4.4",
      "section": "4 - Sentences",
      "title": "Connecting words",
      "description": "Use connecting words correctly to show relationships between ideas.",
      "severity": "info",
      "programmatic_check": false,
      "note": "Conceptual rule, advanced NLP for relationships or specialized dictionary for problematic connectors."
    },
    {
      "id": "4.5",
      "section": "4 - Sentences",
      "title": "Articles and demonstrative adjectives",
      "description": "When applicable, use an article (the, a, an) or a demonstrative adjective (this, these) before a noun. Do not omit articles. Do not use articles in general statements. Do not use article before noun with alphanumeric identifier. (Formerly Rule 2.3).",
      "severity": "warning",
      "programmatic_check": true,
      "params": {
        "alpha_numeric_pattern": "\\b(the|a|an)\\s+(\\w+\\d+|\\d+\\w+)\\b"
      },
      "note": "Programmatic check for article before alphanumeric ID. Omission is hard to detect via regex."
    },
    {
      "id": "5.1",
      "section": "5 - Procedural writing",
      "title": "Procedure step format",
      "description": "Write procedure steps with imperative verbs and clear subjects.",
      "severity": "warning",
      "programmatic_check": false,
      "note": "Conceptual rule, related to 5.3."
    },
    {
      "id": "5.2",
      "section": "5 - Procedural writing",
      "title": "Tense in procedures",
      "description": "Use present tense for descriptions within procedures. Avoid past tenses like 'was', 'were', 'had'.",
      "severity": "warning",
      "pattern": "\\b(was|were|had)\\b(?=\\s+(\\w+ed\\b|a\\s+\\w+|the\\s+\\w+|an\\s+\\w+))",
      "match_means_violation": true
    },
    {
      "id": "5.3",
      "section": "5 - Procedural writing",
      "title": "Procedure step command verb",
      "description": "Start each step of a procedure with a clear command verb (imperative). Approved verbs: Do, Make, Set, Install, Remove, Check, Adjust, Apply, Use, Turn, Clean, Examine, Make sure.",
      "severity": "error",
      "pattern": "^\\s*(?:[1-9]\\d*\\.?|\\*|-|\\+)?\\s*(?!(?:Do|Make|Set|Install|Remove|Check|Adjust|Apply|Use|Turn|Clean|Examine|Make\\s+sure|Verify|Connect|Disconnect|Open|Close|Set)\\b)",
      "match_means_violation": true,
      "note": "This pattern flags if the sentence does NOT start with an approved imperative verb or 'Make sure'. Added more approved verbs based on typical STE examples."
    },
    {
      "id": "5.4",
      "section": "5 - Procedural writing",
      "title": "Sequential procedures",
      "description": "Write procedures in sequential order.",
      "severity": "info",
      "programmatic_check": false,
      "note": "Conceptual rule, very difficult to automate with regex."
    },
    {
      "id": "5.5",
      "section": "5 - Procedural writing",
      "title": "Notes and warnings placement",
      "description": "Include notes and warnings before the step, not after.",
      "severity": "error",
      "programmatic_check": false,
      "note": "Conceptual rule, requires understanding of document structure."
    },
    {
      "id": "6.1",
      "section": "6 - Descriptive writing",
      "title": "Logical description",
      "description": "Use descriptive writing logically; avoid mixed tenses.",
      "severity": "warning",
      "programmatic_check": false,
      "note": "Primarily handled by Rule 3.2 on tenses. Further logic is conceptual."
    },
    {
      "id": "6.2",
      "section": "6 - Descriptive writing",
      "title": "Key words and phrases",
      "description": "Use key words and phrases to guide the reader.",
      "severity": "info",
      "programmatic_check": false,
      "note": "Conceptual rule, requires semantic analysis."
    },
    {
      "id": "6.3",
      "section": "6 - Descriptive writing",
      "title": "One idea per sentence",
      "description": "Limit one idea per descriptive sentence.",
      "severity": "warning",
      "programmatic_check": true,
      "note": "Requires some heuristic for multiple ideas (e.g., multiple main verbs/clauses), or flagging of complex conjunctions."
    },
    {
      "id": "6.4",
      "section": "6 - Descriptive writing",
      "title": "One topic per paragraph",
      "description": "One topic per paragraph.",
      "severity": "info",
      "programmatic_check": false,
      "note": "Conceptual rule, requires advanced NLP."
    },
    {
      "id": "6.5",
      "section": "6 - Descriptive writing",
      "title": "Paragraph topic sentence",
      "description": "Start a descriptive paragraph with a clear topic sentence.",
      "severity": "info",
      "programmatic_check": false,
      "note": "Conceptual rule, requires advanced NLP."
    },
    {
      "id": "6.6",
      "section": "6 - Descriptive writing",
      "title": "Paragraph length",
      "description": "Keep paragraphs short and focused (<200 characters).",
      "severity": "info",
      "programmatic_check": true,
      "params": {
        "max_chars": 200
      },
      "note": "Programmatic check for character count."
    },
    {
      "id": "7.1",
      "section": "7 - Safety instructions",
      "title": "Safety instruction format",
      "description": "Write safety instructions clearly using imperative form ('Do not...', 'Make sure...').",
      "severity": "info",
      "programmatic_check": false,
      "note": "Conceptual rule, related to 5.3."
    },
    {
      "id": "7.2",
      "section": "7 - Safety instructions",
      "title": "Safety instruction placement",
      "description": "Place safety instructions (Warning, Caution, Danger) immediately before the step where the hazard occurs.",
      "severity": "error",
      "programmatic_check": false,
      "note": "Conceptual rule, requires document structure analysis."
    },
    {
      "id": "7.3",
      "section": "7 - Safety instructions",
      "title": "Safety message clarity",
      "description": "Combine safety messages with actionable commands; avoid vague alerts.",
      "severity": "warning",
      "pattern": "\\b(be\\s+careful|take\\s+care|ensure\\s+safety|note:\\s+danger|caution:\\s+risk)\\b",
      "match_means_violation": true
    },
    {
      "id": "8.1",
      "section": "8 - Punctuation and word count",
      "title": "Semicolon usage",
      "description": "Use semicolons sparingly and only to separate major list items.",
      "severity": "info",
      "pattern": ";",
      "match_means_violation": true,
      "note": "Flags presence, requires manual review for correct usage."
    },
    {
      "id": "8.2",
      "section": "8 - Punctuation and word count",
      "title": "Hyphen usage",
      "description": "Use hyphens correctly in compound words.",
      "severity": "info",
      "programmatic_check": false,
      "note": "Conceptual rule, specific patterns for hyphen misuse are hard to identify generally."
    },
     {
      "id": "8.3",
      "section": "8 - Punctuation and word count",
      "title": "Parentheses usage",
      "description": "Use parentheses for optional information only.",
      "severity": "info",
      "pattern": "\\(",
      "match_means_violation": true,
      "note": "Flags presence, requires manual review for correct usage."
    },
    {
      "id": "8.4",
      "section": "8 - Punctuation and word count",
      "title": "Word count - lists",
      "description": "Maintain proper word counts for clarity; avoid overly long sentences in lists.",
      "severity": "warning",
      "programmatic_check": false,
      "note": "Conceptual rule, specific word count logic for a list item requires programmatic list detection."
    },
    {
      "id": "8.5",
      "section": "8 - Punctuation and word count",
      "title": "Safety in parentheses",
      "description": "Do not put safety messages in parentheses.",
      "severity": "error",
      "pattern": "\\(\\s*(?:WARNING|CAUTION|DANGER|NOTE|SAFETY)\\s*[:\\-]?.*?\\)",
      "match_means_violation": true
    },
    {
      "id": "8.6",
      "section": "8 - Punctuation and word count",
      "title": "Abbreviations, acronyms, and initialisms (Rule 8.6 in Issue 9)",
      "description": "Use only approved abbreviations. Write full forms first. Keep to a minimum.",
      "severity": "warning",
      "pattern": "\\b(?!(?:PDF|URL|HTML|XML|JSON|API|CPU|GPU|SSD|HDD|RPM|PSI|AMPS|VOLTS|mm|cm|km|kg|hrs|min|sec|vs|etc|ref|para|fig|vol|ed|no|USA|UK|EU)\\b)[A-Z]{2,}\\b",
      "match_means_violation": true,
      "note": "Now uses negative lookahead to exclude common approved abbreviations. This still requires manual review for unknown abbreviations."
      },
     {
      "id": "8.7",
      "section": "8 - Punctuation and word count",
      "title": "Sentence word count limits",
      "description": "Keep procedural sentences under 20 words, descriptive under 25 words.",
      "severity": "warning",
      "programmatic_check": true,
      "params": {
        "max_words_procedural": 20,
        "max_words_descriptive": 25
      },
      "note": "This is handled programmatically in inference.py and rules_engine.py, not via regex."
    },
    {
      "id": "9.1",
      "section": "9 - Writing practices",
      "title": "Consistent construction",
      "description": "Ensure consistency in construction; avoid mixing grammatical forms.",
      "severity": "warning",
      "pattern": "\\b(however|although|whilst|meanwhile|thereby|wherein)\\b",
      "match_means_violation": true
    },
    {
      "id": "9.2",
      "section": "9 - Writing practices",
      "title": "Consistent terminology",
      "description": "Use approved words consistently; avoid synonyms or alternations within same document.",
      "severity": "warning",
      "programmatic_check": false,
      "note": "Requires advanced coreference or synonym detection, hard to automate with regex."
    },
    {
      "id": "9.3",
      "section": "9 - Writing practices",
      "title": "Use of 'that'",
      "description": "Use 'that' correctly to introduce clauses. (Rule 9.3 in Issue 9)",
      "severity": "info",
      "programmatic_check": false,
      "note": "Conceptual rule, specific misuse of 'that' is difficult to catch with regex without semantic context."
    },
    {
      "id": "9.4",
      "section": "9 - Writing practices",
      "title": "Use of 'with'",
      "description": "Use 'with' carefully to avoid ambiguity (Rule 9.4 in Issue 9).",
      "severity": "warning",
      "pattern": "\\bwith\\b",
      "match_means_violation": true
    },
    {
      "id": "9.5",
      "section": "9 - Writing practices",
      "title": "Pronoun usage",
      "description": "Use pronouns carefully to avoid ambiguity. Check for multiple pronouns in succession or unclear references.",
      "severity": "warning",
      "programmatic_check": true,
      "note": "Rule 9.5 requires semantic analysis. Use programmatic check in rules_engine.py instead of simple regex."
    },
    {
      "id": "9.6",
      "section": "9 - Writing practices",
      "title": "Demonstrative adjectives ('this'/'these')",
      "description": "Use 'this'/'these' carefully with clear reference (Rule 9.6 in Issue 9).",
      "severity": "warning",
      "pattern": "\\b(this|these)\\s+\\w+\\b",
      "match_means_violation": true
    },
    {
      "id": "GR-7",
      "section": "General Recommendations",
      "title": "Inclusive language",
      "description": "Use inclusive language. (New in Issue 9).",
      "severity": "info",
      "programmatic_check": false,
      "note": "Conceptual rule, requires advanced NLP for gender-neutrality, person-first language etc."
    },
    {
      "id": "GR-8",
      "section": "General Recommendations",
      "title": "Possessive form",
      "description": "Use possessive form carefully. (New in Issue 9).",
      "severity": "warning",
      "pattern": "'s\\b|s'",
      "match_means_violation": true,
      "note": "Flags presence where review is needed. Does not distinguish correct from incorrect usage."
    }
  ]
}